{
    "version": 1,
    "disable_existing_loggers": false,
    "formatters": {
        "detailed": {
            "format": "%(asctime)s %(name)s %(levelname)s %(funcName)s:%(lineno)d %(message)s",
            "datefmt": "%Y-%m-%d %H:%M:%S"
        },
        "simple": {
            "format": "%(asctime)s %(levelname)s %(message)s",
            "datefmt": "%Y-%m-%d %H:%M:%S"
        }
    },
    "handlers": {
        "file_handler": {
            "class": "logging.FileHandler",
            "level": "DEBUG",
            "formatter": "detailed",
            "filename": "output/logs/zeta_detailed.log",
            "mode": "a",
            "encoding": "utf-8"
        },
        "console_handler": {
            "class": "logging.StreamHandler",
            "level": "INFO",
            "formatter": "simple",
            "stream": "ext://sys.stdout"
        },
        "error_file_handler": {
            "class": "logging.FileHandler",
            "level": "ERROR",
            "formatter": "detailed",
            "filename": "output/logs/zeta_errors.log",
            "mode": "a",
            "encoding": "utf-8"
        }
    },
    "loggers": {
        "": {
            "level": "DEBUG",
            "handlers": ["file_handler", "console_handler", "error_file_handler"],
            "propagate": false
        },
        "src.ai_service": {
            "level": "DEBUG",
            "handlers": ["file_handler", "console_handler"],
            "propagate": false
        },
        "src.word_generator": {
            "level": "DEBUG",
            "handlers": ["file_handler", "console_handler"],
            "propagate": false
        },
        "src.graphviz_diagram": {
            "level": "DEBUG",
            "handlers": ["file_handler", "console_handler"],
            "propagate": false
        },
        "src.gui": {
            "level": "DEBUG",
            "handlers": ["file_handler", "console_handler"],
            "propagate": false
        }
    },
    "root": {
        "level": "DEBUG",
        "handlers": ["file_handler", "console_handler", "error_file_handler"]
    }
} 